PROMODS_PO,STM
KORTINE - GRAČIŠČE,2
BISTRICA(TRŽIČ) - ZVIRČE,3
KRNICA - ZG.RADOVNA,4
ZATRNIK - MRZLI STUDENEC,5
LJ (RUDNIK) - ŠKOFLJICA,6
MRZLI STUDENEC - JEREKA,7
MRZLI STUD. - RUDNO POLJE,8
JEREKA - JEZERO,9
LUCIJA -  SEČOVLJE,10
BERTOKI - KP(ŠKOCJAN),11
VOLČE - SOLARJI,12
IZOLA - JAGODJE,13
DRAGONJA - MP DRAGONJA,14
POBREŽJE - MB(TEZNO),15
PRIKLJ. PESNICA - MARIBOR,16
HOČE  - SLIVNICA,17
MB (KOR. MOST - C. PROLE. BRIGAD),18
MB (TRŽAŠKA) - MIKLAVŽ,19
MB AC - MIKLAVŽ,20
KOŠANA - KAL,21
RAZDRTO - SENOŽEČE,22
KOBJEGLAVA - ŠTANJEL,23
ŠTANJEL - DUTOVLJE,24
SENOŽEČE - ŠTORJE,25
ŠKOFLJICA - ŠMARJE SAP,26
TRATE - MOST ČEZ MURO,27
KRIŽ. SV.ANA - ZG.ŠČAVNICA,28
ZG.ŠČAVNICA - TRATE,29
ŽICE - SV. ANA-ZG. ŠČAVNICA,30
VELENJE - ŠKALE,31
ŠKALE - GRAŠKA  G.-ŠMIKLA,32
SL.GRADEC - MISL.DOBRAVA,33
SOTESKA - LETUŠ,34
GORENJE  -  REČICA,35
POLZELA - REČICA,36
PARIŽLJE - ŠENTRUPERT,37
FRAM - SL.BISTRICA,38
IDRSKO - LIVEK,39
POLZELA - DOBRTEŠA VAS,40
TUHINJ - LOČICA,41
M.SOBOTA - GORICA,42
MARTJANCI - SEBEBORCI,43
MARTJANCI - MORAVSKE TOPLICE,44
DOBROVNIK - RENKOVCI,45
VELIKA POLANA - LIPA-BELTINCI,46
VELIKA POLANA - LIPA-BELTINCI,46
HOTIZA - VELIKA POLANA,47
TEPANJE - SL.KONJICE,48
SL.KONJICE - DOBRAVA,49
POLICA - NAKLO(MARINŠEK),51
JEPRCA - MEDVODE,52
BRATONCI - DOKLEŽOVJE,53
STOB - TRZIN,54
PRIKLJ. TREBNJE Z - TREBNJE,55
DOBRAVA - STRANICE,56
SEŽANA - LIPICA,57
DIVAČA - FAMLJE,59
DRAVOGRAD - RADLJE,60
SELNICA - MB(OTOK),61
GORIŠNICA - ORMOŽ,62
ŠENTRUPERT - VRANSKO,64
PONDOR - TABOR,65
MOZIRJE - GOLTE,66
STRANICE - VIŠNJA VAS,67
VIŠNJA VAS - CELJE AC,68
MEDLOG - PETROVČE,69
ARJA VAS - ŽALEC,70
LOČICA - TROJANE,71
TROJANE - LUKOVICA,72
TRZIN - LJ(ČRNUČE),73
KALCE - LOGATEC,74
LIPICA - LOKEV,75
POSTOJNA - RAZDRTO,76
SENOŽEČE - DIVAČA,77
MATAVUN - KOZINA,78
RIŽANA - DEKANI,79
GORIČE - KOŠANA,80
SELO - TRI HIŠE,81
POSTOJNA - PIVKA,82
IL.BISTRICA - DOLNJI ZEMON,83
PESNICA - LENART,84
LENART - GORNJA RADGONA,85
GORNJA RADGONA - RADENCI,86
BELTINCI - ČRENŠOVCI,87
ČRENŠOVCI - DOL.LAKOŠ,88
LENDAVA - PETIŠOVCI,89
CE (POLULE) - LAŠKO,90
ŠMARJETA - RIMSKE TOPLICE,91
ZIDANI MOST - RADEČE,92
STARO SELO - BREGINJ-MOST,93
PARIŽLJE - BRASLOVČE-M.BRASLOVČE,94
KRŠKO - LESKOVEC,95
ŽAGA - KOBARID,96
IDRSKO - PERŠETI,97
PREVAL - GRGAR-ČEPOVAN,98
PLAVE - SOLKAN,99
GODOVIČ - KALCE,100
RADEČE - BOŠTANJ,101
CERKNO - ŽELIN,102
BRESTANICA - KRŠKO,103
BAČA - DOL. TREBUŠA,104
GODOVIČ - ČRNI VRH,105
ŠKOFJA LOKA - JEPRCA,106
ŠKOFJA LOKA,107
ŠKOFJA LOKA,107
BAČA - KNEŽA,108
LESCE - BLED,109
PRISTAVA - SOTESKA,110
KRANJ - ŠKOFJA LOKA,111
ŠK.LOKA - GORENJA VAS,112
ŠENTJAKOB - DOLSKO,114
MOSTE - MENGEŠ,115
LOKA - TRZIN,116
ŠKOFLJICA - RAŠICA,117
NOVO MESTO (KRKA),118
LIVOLD - ŠTALCERJI,119
ČRNUČE - ŠENTJAKOB,120
DOLSKO - RIBČE,121
ZAGORJE - TRBOVLJE,122
TRBOVLJE - HRASTNIK,123
HRASTNIK - ZIDANI MOST,124
SL.BISTRICA - POLJČANE,125
POLJČANE - PODPLAT,126
BEVSKO - MOST ČEZ SAVO,127
MESTINJE - GOLOBINJEK,128
BIZELJSKO - BREŽICE,129
OTIŠKI VRH - SL.GRADEC,131
VELENJE - ČRNOVA,132
ČRNOVA - ARJA VAS,133
ŠTORE -  ŠENTJUR,134
DOLE - PONIKVA-LOČE,135
PODPLAT - TEKAČEVO,136
MAČKOVCI - MARTJANCI,137
LETUŠ - M.BRASLOVČE,138
MOZIRJE,139
STROČJA VAS - PAVLOVCI,140
DOLGA VAS - MP DOLGA VAS,141
GEDEROVCI - MP GEDEROVCI,142
PETIŠOVCI - MP PETIŠOVCI,143
MOST ČEZ MURO - MP TRATE,144
MAJŠPERK - JUROVCI,145
LIPOVCI - BRATONCI,146
ŠENTJURIJ - PRIKLJ. NM ZAHOD,147
M.SOBOTA - LIPOVCI,148
KOPER - ŠMARJE,149
ŠMARJE - DRAGONJA,150
GRAČIŠČE - SOČERGA,151
RAKOV ŠKOCJAN - PODSKRAJNIK,152
VRHNIKA - LOGATEC,153
VINICA - MOST ČEZ KOLPO,154
METLIKA - MP METLIKA,155
ORMOŽ - MP ORMOŽ,156
KRIM - RAKITNA,158
RAVNE - DRAVOGRAD,160
ŠKOFLJICA - IG,161
DOL. VAS  -  GOTEN. - KOČ. REKA,162
DVOR - SOTESKA,163
GABER -  URŠNA S. - NOVO M.,164
LJ(VIČ) - AC BREZOVICA,165
PESJE - VELENJE,166
ŠOŠTANJ - PESJE,167
PESJE - GORENJE,168
PODLOM - KR.RAK,169
LJ (ČRNUČE - BRNČIČEVA),172
ČATEŽ - TREBNJE,173
LJ (SAVLJE - IND. CONA ŠIŠKA),174
NAZARJE - GORNJI GRAD,175
NAZARJE - GORNJI GRAD,175
REČICA - LETUŠ,176
NOVO MESTO (KRKA - REVOZ),177
LJ (PERUZIJEVA - BARJANSKA),178
LJ (ZADOBROVA  - LESKOVŠKOVA C.),179
LJ (LITIJSKA - MALENCE),180
KANDRŠE - VAČE-SP.HOTIČ,181
MORAVČE - TIHABOJ-MIRNA,182
SMEDNIK - ZAMEŠKO-KOSTANJEVICA,183
ČATEŽ OB SAVI - MOKRICE,184
PIŠECE - ZG.POHANCA-KRŠKO,185
OREŠJE/SEVNICI - PLANINA,186
LAŠKO - BREZE-ŠENTJUR,187
ŠMARJE PRI JELŠAH - MESTINJE,188
ZALI LOG - ČEŠNJICA,189
BLED - PRISTAVA,190
KRIŽAJ - PODBOČJE-ŠUTNA,191
VALETA - BELI KRIŽ-PIRAN,192
NOVO MESTO (LOČNA - KRKA),193
PRIKLJ. NM ZAHOD - V. BUČNA VAS,194
ŽIČE - KARTUZIJA,195
SL.BISTRICA - PRAGERSKO,196
VRŠIČ - TRENTA,197
TRENTA - BOVEC,198
LJ (VODNIKOVA  -  PODUTIK),199
KRANJ - LETALIŠČE BRNIK,200
LUČE - SESTRE LOGAR,201
RADMIRJE - LUČE,202
VOLČJA DRAGA - DORNBERK,203
DORNBERK - ŠTANJEL,204
DUTOVLJE - SEŽANA,205
SEŽANA - DIVAČA,206
MATAVUN - VREME,207
DORNBERK - SELO,208
AJŠEVICA - KROMBERK,209
FAMLJE - RIBNICA,210
STARO SELO - KOBARID,212
PLAVE - GONJAČE,213
OPATJE SELO - KOMEN,215
KOMEN - KOBJEGLAVA,216
ŠTANJEL - MANČE,217
KOMEN - GORJANSKO,218
SOLKAN MOST - GONJAČE,219
KRANJSKA GORA  -  ERIKA,220
BERTOKI - SV. ANTON,221
KROMBERK  -  ROŽNA DOLINA,222
COL - PREDMEJA,223
LOKVE - ČEPOVAN,224
GRGAR - LOKVE,225
PREM - ČELJE,226
NG(R. DOLINA)  -  ŠEMPETER,227
ZBILJE - VODICE,228
VODICE - MOSTE,229
MOSTE - DUPLICA,230
MOSTE - DUPLICA,230
KAMNIK (MEKINJE) - SP.  STRANJE,231
RADMIRJE - MOZIRJE,232
STAHOVICA - ČRNIVEC,233
GORNJI GRAD - RADMIRJE,234
GORJE - BLED,235
KRNICA - ZATRNIK,236
ČRNIVEC - GORNJI GRAD,237
BITNJE - JEREKA,239
JEZERO - ZLATOROG,240
JAVORNIK - GORJE,241
SP. JEZERSKO - PREDDVOR,242
KR(PRIMSKOVO - LABORE),244
RAKEK - CERKNICA,245
CERKNICA - BL.POLICA,246
BL.POLICA - SODRAŽICA,247
SODRAŽICA - ŽLEBIČ,248
PREDDVOR - KR(PRIMSKOVO),249
LESCE - K.GORICA-LIPNICA,250
LIPNICA - KROPA,251
TRI HIŠE - PRIKLJ. VOGRSKO,252
BOH.BISTRICA - VRESJE,253
LIPNICA - OVSIŠE,254
BOH.BISTRICA - JEZERO,255
ŽIROVNICA - BEGUNJE,256
BEGUNJE - BISTRICA(TRŽIČ),257
GOLNIK - KOKRICA,258
MENGEŠ - DUPLICA,259
LJ(ŠMARTNO) - VODICE,260
VODICE - SP.BRNIK,261
ŠEMPETER - VOLČJA DRAGA,262
GORENJA VAS - LUČINE,263
HORJUL - VRHNIKA,264
VRHNIKA - PODPEČ,265
PODPEČ - IG,266
AC BREZOVICA - BREZOVICA,267
STARI LOG - DVOR,268
ŽUŽEMBERK - PLUSKA,269
MIRNA - MOKRONOG,270
ČRNOLICA - LESIČNO,271
CIKAVA  -  GROSUPLJE,273
LESIČNO - GOLOBINJEK,274
GROSUPLJE - MLAČEVO,275
MLAČEVO - PLEŠIVICA,276
KRKA - ŽUŽEMBERK,277
ŽUŽEMBERK - DVOR,278
SOTESKA - ČRMOŠNJICE,279
RUČETNA VAS - ČRNOMELJ,280
ČRNOMELJ - DOLENJCI,281
LJUBEŽ V LAZIH - MORAVČE,282
MORAVČE - ČATEŽ,283
ŠMARTNO PRI LITIJI - M.KOSTREVICA,284
SOPOTA - RADEČE,285
RADEČE - BREG,286
LISCA - JURKLOŠTER,287
ŠMARJE - SAP - CIKAVA,288
IVANČNA GORICA - GRM,289
ZBURE - ŠKOCJAN,291
LESIČNO - ŠONOVO,292
DOBRUŠKA V. - ŠENTJERNEJ,293
STRAŽA - NM DRSKA,294
RATEŽ - ŠENTJERNEJ,295
KOSTANJEVICA - KRIŽAJ,296
KRIŽAJ - ČATEŽ OB SAVI,297
VAVTA VAS - DOL.TOPLICE,298
BREZOVICA - DOBLIČE,299
DOBLIČE - KANIŽARICA,300
MEJA RH - KRMAČINA - DRAŠIČI,301
PODZEMELJ - ČRNOMELJ,302
KANIŽARICA - VINICA,303
KRTINA - MORAVČE,304
TRATA - IZLAKE,305
IZLAKE - ZAGORJE,306
ZAGORJE - BEVŠKO,307
ČRNOMELJ - (KOČEVJE) - KANIŽARICA,308
TRBOVLJE - BOBEN - HRASTNIK,309
HRASTNIK - ŠMARJETA,310
RAČE - KUNGOTA-KIDRIČEVO,311
RAČE - KUNGOTA-KIDRIČEVO,311
LOKE - LEDINŠČICA,312
DEŽNO - ČRNOLICA,313
TROJANE - IZLAKE,314
GORNJI DOLIČ - VELENJE,315
DRAMLJE - DOLE,316
ŽIČE - MLAČE,317
POLJČANE - MAJŠPERK,318
RAVNE - KOTLJE,319
DOBRNA - ČRNOVA,320
VIŠNJA VAS - STRMEC,321
POLJANA - MEŽICA,323
ŠENTVID - ŠOŠTANJ,324
LJ(ŠENTVID - ŠMARTNO),325
VELENJE - POLZELA,326
PESEK - ROGLA,327
RUTA - LOVRENC,328
SL.GRADEC - LUŽNIK,329
SL.KONJICE - OPLOTNICA,330
OPLOTNICA - LOŽNICA,331
LUKOVICA  -  ŽELODNIK,332
ŠONOVO - PODSREDA,333
VEŠČICA - GEDEROVCI,334
PODSREDA - BISTRICA,335
ROGATEC - MAJŠPERK,336
ROGATEC - MP DOBOVEC,337
GOMILCI - SENARSKA,338
LENART - KRIŽ. SV.ANA,339
BORL - MP ZAVRČ,340
SPUHLJA - BORL,341
MARIBOR - DVORJANE,342
MARIBOR - DVORJANE,342
GRABONOŠ - RADENCI,343
CANKOVA - VEČESLAVCI,344
MURSKA SOBOTA - VEŠČICA,345
RENKOVCI - BELTINCI,346
DOKLEŽOVJE - KRIŽEVCI,347
DOKLEŽOVJE - KRIŽEVCI,347
STRMEC - DOBRNA,348
SV. JURIJ OB ŠČAVNICI - CERKVENJAK,349
ŠENTILJ - TRATE,350
RADENCI - VUČJA VAS,352
KRIŽEVCI - LJUTOMER,353
LJUTOMER - PAVLOVCI,354
ORMOŽ - SREDIŠČE OB DRAVI,355
MARTINJE -  KUZMA,356
KRIŽEVCI - ŽIHLAVA,357
DOBROVNIK - RONDO DOLGA VAS,358
RENKOVCI - ČRENŠOVCI,359
ČRENŠOVCI - RAZKRIŽJE,360
TRATE - GORNJA RADGONA,361
DUPLICA - KAMNIK,362
GABERNIK - ROGOZNICA(PTUJ),363
SENOVO - BRESTANICA,364
PODSREDA - SENOVO,365
BREŽICE - ČATEŽ,366
KRŠKO - SP.POHANCA,367
BREŽICE - DOBOVA,368
ZAVRATEC - SMEDNIK,369
ROVTE -  ŽIRI,370
DRNOVO - KRIŽAJ,371
PODZEMELJ - DOLENJCI,372
ŽUNIČI - VINICA,373
VINICA - STARI TRG,374
ŠMARTNO - GRM,375
KAMNIK - TUHINJ,376
GORNJI DOLIČ - STRANICE,377
RADLJE - RIBNICA,378
RIBNICA - BREZNO,379
PRIKLJ. SNEBERJE - ŠENTJAKOB,380
ŠENTJAKOB - DOMŽALE,381
DOMŽALE - DUPLICA,382
IG - LJ (PERUZZIJEVA),383
PUDOB - BABNO POLJE,384
SODRAŽICA - HRIB,385
BLOŠKA POLICA - PUDOB,386
IVANČNA GORICA - KRKA,387
MLAČEVO - VIDEM,388
POL.GRADEC - DOBROVA,389
D.TREBUŠA - SP.IDRIJA,390
LITIJA - ŠMARTNO,391
RAKEK - LOGATEC,392
LOGATEC - ROVTE,393
ŽIRI - TREBIJA,394
LOGATEC - PRIKLJ. LOGATEC,395
LOGATEC - PRIKLJ. LOGATEC,395
IL.BISTRICA - ZABIČE,396
PODGRAD - IL.BISTRICA,397
IL.BISTRICA - PIVKA,398
RAČE - ŠIKOLE,399
LEŠNICA - OTOČEC,400
ZAVRATEC - ŠKOCJAN,401
ŠMARJEŠKE TOPLICE - DOLENJE KRONOVO,402
KRIŽ.MORETINI - ANKARAN,403
PERŠETI - MOST NA SOČI,405
DOL TREBUŠA - ŽELIN,406
MOKRONOG - ZBURE,407
GORENJA VAS - TREBIJA,408
TREBIJA - SOVODENJ,409
RAŠICA - ŽLEBIČ,410
BISTRICA OB SOTLI - MP BISTRICA,411
GOLOBINJEK - BISTRICA,412
BISTRICA - BIZELJSKO,413
ROGATEC,414
IMENO - MP IMENO,415
ŠKOCJAN - DOBRUŠKA VAS,416
MEDLOG - CELJE,417
DIVAČA - LOKEV-LIPICA,418
DUTOVLJE - REPENTABOR,419
CELJE - ŠTORE,420
FRAM - RAČE,421
GORJANSKO - KLARIČI,422
SPUHLJA - GORIŠNICA,424
KRIŽ.SPUHLJA - PTUJ,425
ŠIKOLE - KIDRIČEVO,426
COL - AJDOVŠČINA,427
PRELASKO - BUČE-KOZJE,428
POČEHOVA - ZG.KUNGOTA,429
MP HODOŠ - HODOŠ,430
GIBINA - RAZKRIŽJE,431
POLJANA - PREVALJE,432
DORNAVA - KRIŽ.SPUHLJA,433
ČRNA - ŠENTVID,434
BIZELJSKO  -  OREŠJE,435
GROSUPLJE - IVANČNA GOR.,436
ZADVOR - ŠMARTNO P.LITIJI,437
DVORJANE - PTUJ,438
PREBOLD - SPODNJE GABRSKO,439
MAJŠPERK - APAŠKI KRIŽ,441
SENARSKA - LENART,442
PETANJCI - GEDEROVCI,443
GEDEROVCI - SKAKOVCI,444
BOSLJIVA LOKA - OSILNICA,445
RADENCI - PETANJCI,446
ŽELIN - SP. IDRIJA(MAROF),447
MOKRONOG - BOŠTANJ,448
ČEPOVAN - DOL.TREBUŠA,449
METLIKA - PODZEMELJ,450
DOLENJCI - VRHOVCI,451
STARI TRG - BREZOVICA,452
ŠTORJE - ŠTANJEL,453
BREG  -  LISCA,454
KANAL-LIG-MIŠČEK-NEBLO,455
AJDOVŠČINA - PREDMEJA,456
BRANIK - KOMEN,457
KOMEN  - KRAJNA VAS,458
LUKANJA - OPLOTNICA,459
RUČETNA VAS - ŠTREKLJEVEC,460
PRI CERKVI STRUGE - ZVIRČE,461
ZAGRADEC - AMBRUS-ŽVIRČE,462
ZVIRČE - SMUKA,463
VODICE,464
ŠTALCERJI - KOČ. REKA,465
LIVOLD - BREZOVICA,466
ŽELJNE - ROG-BAZA-PODTURN,467
DOBLIČE - SV.ANA-STARI TRG,468
ŠTREKLJEVEC - JUGORJE,469
GORNJI MIREN - MIREN,470
SP. POHANCA - (R1-219),471
VOLČJA DRAGA - RENČE,472
PRIKLJ.  VOGRSKO - VOLČJA DRAGA,473
RIBNICA - PREM,474
GABRJE - RATEŽ,475
NOVO MESTO - RATEŽ,476
KOPRIVNA - ČRNA,477
M.SOBOTA(GAJ) - PRIK.M.S.,479
DRAVOGRAD - OTIŠKI VRH,480
KOZMINCI-ŽETALE - ROGATEC,481
GORTINA - BISTRIŠKI JAREK,482
DRAVOGRAD - TRBONJE,483
TRBONJE - VUZENICA,484
TRBONJE - GORTINA,485
OŽBALT - ZG. KAPLA,486
ŠALOVCI - PETROVCI,487
MB (MALEČNIK) - PERNICA,488
LEMERJE - GRAD,489
LEMERJE - SKAKOVCI,490
GORICA - LEMERJE,491
FOKOVCI - PROSENJAKOVCI,492
KOBILJE - DOBROVNIK,493
MORAVSKE TOPLICE - DOBROVNIK,494
ZG. HOČE - POHORSKA VZPENJAČA,495
KALCE - PODKRAJ,497
GRDA DRAGA -  PUDOB,498
MARTJANCI - M.SOBOTA,499
SEČOVLJE - MP SEČOVLJE,500
LOKA - PODPEČ-RAKITOVEC,501
SOČERGA  -  MP  SOČERGA,502
MP STAROD - PODGRAD,503
DOLNJI ZEMON  -  MP JELŠANE,504
KASTELEC - PODGORJE,505
HRIB - PODPLANINA,506
PETRINA - MP PETRINA,507
ŽUNIČI - MP ŽUNIČI,508
KOT - SODEVCI,509
FRAM - KOPIVNIK,510
OBREŽJE TERMINAL - MP OBREŽJE,511
BREŽICE - PRIKLJ. OBREŽJE,512
KAPELE - RAKOVEC,513
ST.VAS - FIGAROV MOST,514
MP  NOVA VAS - PIŠECE,515
MP  NOVA VAS - PIŠECE,515
PREM - IL.BISTRICA,516
RODNE - MP RAJNKOVEC,517
IL.BISTRICA - GRDA DRAGA,519
BORL-CIRKULANE - MP MEJE,520
VIDEM - ZG. LESKOVEC,521
SREDIŠČE OB DRAVI  -  MP SRED.,522
JELŠANE - NOVOKRAČINE,523
MP MARTINJE - MARTINJE,524
RADOVIČI - MP BOŽAKOVO,525
PODGRAD - OBROV,526
OBROV - GOLAC,527
ROČINJ - LIG,528
KAMBREŠKO - SOLARJI,529
HRUŠICA - PLAVŽ,530
JESENICE - JAVORNIK,531
MOST NA SOČI - UŠNIK,532
MOST NA SOČI - BAČA,533
ČEPOVAN - MOST NA SOČI,534
BOVEC(PO OBVOZNICI) - ŽAGA,535
KLUŽE - BOVEC,536
STRMEC - MANGART,537
PODBRDO - PETROVO BRDO,538
PETROVO BRDO - PODROŠT,539
SORICA - PETROVO BRDO,540
SORICA - PODROŠT,541
PODROŠT - ZALI LOG,542
RUDNO - ČEŠNJICA,543
KROPA - RUDNO,544
RUDNO - ROVTARICA,545
PERŠETI - UŠNIK,546
OVSIŠE - GOBOVCE,547
PODTABOR - ZVIRČE,549
NEBLO - MP NEBLO,550
ŽAGA - UČJA,551
MEŽICA - REHT,552
ZG.KUNGOTA - JURIJ,553
ZVIRČE - PODTABOR,554
BISTRICA - TRŽIČ,555
TRŽIČ - GOLNIK,556
ŽIROVNICA - LESCE,557
AJŠEVICA  -  NOVA GORICA,558
MIREN - OPATJE SELO,559
RENČE - GORNJI MIREN,560
PEROVO - GROSUPLJE,561
VNANJE GORICE - BREZOVICA,562
RAKITNA - CERKNICA,563
GRM - PLUSKA,564
ZBURE - ŠMARJEŠKE TOPLICE,565
NOVO MESTO (LOČNA - MAČKOVEC),566
NOVO MESTO (LOČNA - MAČKOVEC),566
SLOV.KONJICE - ŽIČE,567
TEPANJE - ŽIČE,568
SL.BISTRICA - LOŽNICA,569
ODCEP PRIKLJ. SL. BISTRICA S,570
MUTA - GORTINA,571
MB (MALEČNIK-most) - MB (MALEČNIK),572
BREZNO - RUTA,573
ORMOŽ Z  -  ORMOŽ V,574
PAVLOVCI - ORMOŽ,575
VUČJA VAS - KRIŽEVCI,576
MOZIRJE - SOTESKA,577
GORENJE - SOTESKA,578
MEŽICA - ČRNA,579
LAŠKO - ŠMARJETA,580
BOŠTANJ,581
BEVŠKO - TRBOVLJE,582
ZAGORJE - MOST ČEZ SAVO,583
HRASTNIK - MOST ČEZ SAVO,584
SVETINA  -  BRSTNIK,585
APAŠKI KRIŽ  -  KIDRIČEVO,586
ŽIHLAVA - VIDEM,587
KOT - GRGELJ,588
ZAVRHEK - ARTVIŽE,589
PREGARJE - OBROV,590
PREGARJE - HARIJE,591
ČELJE - PREGARJE,592
ARTVIŽE - PREGARJE,593
GRABONOŠ - SP. IVANJCI,594
SP.IVANJCI - GORNJA RADGONA,595
SV. TROJICA-COGETINCI - SP.IVANJCI,596
LENART - SVETA TROJICA,597
DOBROVA - LJ(DOLGI MOST),598
SOLKAN - GRGAR,599
RUTA - SELNICA,600
VIŠNJA GORA - IVANČNA GORICA,601
KRONOVO - DOBRUŠKA VAS,602
JAVORNIK - ŽIROVNICA,603
OBROV - KOZINA,604
RADLJE - BREZNO,605
MIKLAVŽ - HAJDINA,606
NOVO MESTO (REVOZ) - METLIKA,607
LOŽNICA - TEPANJE,608
VRBENSKO POLJE - ŠEMPETER,609
ŽELODNIK - DOMŽALE,610
BREZOVICA - VRHNIKA,611
PLANINA - RAVBARKOMANDA,612
ŠTORJE - SEŽANA,613
KOZINA  -  KASTELEC,614
PIVKA - RIBNICA,615
UŠNIK - KANAL,616
SP. IDRIJA - GODOVIČ,617
ČEŠNJICA - ŠKOFJA LOKA,618
DOLENJA VAS - KOČEVJE,619
LITIJA - ZAGORJE,620
LUŽNIK - GORNJI DOLIČ,621
ŠENTJUR - ŠMARJE PRI JELŠAH,622
PETANJCI - M.SOBOTA(GAJ),623
VIPAVA - AJDOVŠČINA,624
KR (LABORE) - JEPRCA,625
LETALIŠČE BRNIK - SP.BRNIK,627
ŠENTILJ - PESNICA,628
IMPOLJCA - BRESTANICA,630
GOZD MARTULJEK - MOJSTRANA-DOVJE,631
LESCE - RADOVLJICA,632
GRM - ŠENTJURIJ,634
AJDOVŠČINA - SELO,635
STROČJA VAS - LJUTOMER,636
PTUJ - HAJDINA,637
PTUJ - SPUHLJA,638
HAJDINA  (Mariborska c.- Gomile),639
PRAGERSKO - ŠIKOLE,641
MEDVODE - STANEŽIČE,643
RAZDRTO - MANČE,644
LJ (MALENCE)  -  ŠMARJE-SAP,645
LIPCE - LESCE,646
NAKLO - KRANJ Z,647
CELJE - CELJE ZAHOD,648
ANKARAN - MP LAZARET,650
MP ŠKOFIJE  -  PLAVJE,651
KOZINA - MP KOZINA,652
FERNETIČI - MP FERNETIČI,653
N.GORICA - ROŽNA DOLINA,654
MP ROBIČ - ROBIČ,655
MP PREDEL - KLUŽE,657
MP RATEČE - RATEČE,658
MP KORENSKO SEDLO - PODKOREN,659
MP LJUBELJ - BISTRICA(TRŽIČ),660
MP ZG.JEZERSKO - ZG.JEZERSKO,661
MP HOLMEC - POLJANA,662
MP VIČ - DRAVOGRAD,663
ŠENTILJ,664
MP G.RADGONA - G.RADGONA,665
SOTINA - MP KUZMA,666
MLAČE - POLJČANE,667
RADLJE - RADELJSKI PRELAZ,668
SP.BRNIK - CERKLJE,669
PTUJ(TURNIŠČE - BUDINA),670
VRTOJBA - MP VRTOJBA,671
ČRNEČE - MP LIBELIČE,672
MP KARAVANKE - HRUŠICA,673
MP ŠENTILJ - POČIVALIŠČE ŠENTILJ,674
DOLINA - MP PINCE,675
DOBOVA - M.P. RIGONCE,676
MOKRICE  -  OBREŽJE - SLOV. VAS,677
RIBČE - LITIJA,678
KOBARID - IDRSKO,679
VEČESLAVCI - SOTINA,681
ŠENTJERNEJ - KOSTANJEVICA,683
DIVAČA - MATAVUN,684
ŠKOFIJE - R.ŠKOFIJE,686
TEKAČEVO  -  KOTEC,687
AJDOVŠČINA - SELO,688
PRIKLJ. CELJE Z - MEDLOG,689
DOLE - ŠENTJUR,690
PODPEČ - VNANJE GORICE,691
LJ(LITIJSKA) - ZADVOR,692
SOLKAN-NOVA GORICA (KROMBERK),693
LJUBEČNA - BUKOVŽLAK,694
CELJE AC - CELJE,695
KOTEC - ROGATEC,696
RADOVLJICA - PODVIN,697
JUROVSKI DOL - LENART,698
TRI HIŠE - AJŠEVICA,699
PODPEČ - RAKITNA,700
SEČOVLJE - DRAGONJA,702
SOPOTA - PODKUM-ZAGORJE,703
RUŠE - PUŠČAVA,705
MARIBOR - RUŠE,706
GOBOVCE - ČRNIVEC,707
PRIKLJ. NAKLO - PODTABOR,708
BREG - SEVNICA,709
BREG - SEVNICA,709
RUŠE - SELNICA,710
ZREČE - ZEČE,711
SEBEBORCI - TRAKŠAROV BREG,712
BLANCA - BRESTANICA,713
PETROVCI - MARTINJE,714
SEVNICA - BLANCA,715
KR(ISKRA - LABORE),716
KRANJ(KIDRIČEVA  -  ISKRA),717
POLICA - KR(KIDRIČEVA),718
ŠALOVCI - ČEPINCI,719
HODOŠ - DOMANJŠEVCI,720
BERKOVCI - KOBILJE,721
LJ(ŠENTVID  -  OBVOZNICA),725
GRAČIŠČE - BREZOVICA,732
LJUTOMER - DORNAVA,733
ROGLA - ZREČE,734
MANČE - VIPAVA,735
KALCE - PLANINA,736
ČRMOŠNJICE - RUČETNA VAS,737
SP.POHANCA - BREŽICE,738
SP.POHANCA - BREŽICE,738
RIM.TOPLICE - ZIDANI MOST,739
ARCLIN - LJUBEČNA,740
LATKOVA VAS - PREBOLD,741
FARA - PETRINA,742
PETRINA - GRIVAC-MIRTOVIČI,743
KOČEVJE - LIVOLD,744
DRAŠIČI - METLIKA,745
M.SOBOTA(GAJ) - M.SOBOTA,746
LJ(ŠMARTIN.) - PRIKLJ. SNEBERJE,747
ČRNI KAL  -  KORTINE,748
GRGELJ - FARA,749
ŠTALCERJI - FARA,750
HROVAČA - DOLENJA VAS,751
PREVALJE - RAVNE,752
ZAVRČ - DRENOVEC,753
KANAL - PLAVE,754
GONJAČE - DOBROVO,755
MESTINJE - PODPLAT,756
ŠENTJUR - ČRNOLICA,757
CANKOVA - GERLINCI,758
PERTOČA - FIKŠINCI,759
ROGAŠOVCI - KRAMAROVCI,760
GRAD - KUZMA,761
PODLEHNIK - KOZMINCI,762
TRŽEC - VIDEM,763
JURŠINCI - GABERNIK,764
VITOMARCI - GABRNIK,765
JANEŽOVSKI VRH - DESTRNIK,766
JANEŽOVCI - DOLGE NJIVE,767
JURKLOŠTER - DEŽNO,768
RIMSKE TOPLICE - JURKLOŠTER,769
ČRNI KAL  -  OSP,770
RIŽANA - KORTINE,771
SV. ANTON - GRAČIŠČE,772
PODVIN - ČRNIVEC,773
ZG.RADOVNA - DOVJE,774
ZG.RADOVNA - DOVJE,774
MOJSTRANA - VRATA,775
DOVJE - MOJSTRANA-KRAJE,776
KR.GORA - GOZD MARTULJEK,777
RATEČE - PODKOREN,778
RATEČE - PLANICA,779
STAHOVICA - KAM.BISTRICA,780
SP.BRNIK - MOSTE,781
SEŽANA - FERNETIČI,782
GORJANSKO - ŽEKENC,783
VIDEM - RAŠICA,784
VIDEM - PRI CERKVI STRUGE,785
ŠTORE - LAŠKA VAS,786
BRSTNIK  -  LAŠKO,787
TRŽIŠČE - HOTEMEŽ,788
ZABIČE - NOVOKRAČINE,789
STAROD - MEJA RH,790
KRAJNA VAS - DUTOVLJE,791
KIDRIČEVO - HAJDINA,792
PRIKLJ. LENART - LENART,793
GORNJA RADGONA,794
DOLENJE KRONOVO - GOR. GOMILA,799
SLIVNICA - FRAM,802
ČRNI KAL  -  RAZCEP SERMIN,803
PRIKLJ. LOGATEC,805
PRIKLJ. MIRNA PEČ  -  NM PRIKLJ. Z,806
PRIKLJ. DIVAČA,808
PRIKLJ. DIVAČA,809
PRIKLJ. LESCE - JESENICE,810
PRIKLJ. LESCE - JESENICE,810
SENOŽEČE  -   GABRK,812
GABRK - SEŽANA V,813
VOGRSKO - ŠEMPETER,815
SELO  -  VOGRSKO,816
PRIKLJ. SENOŽEČE,818
UNEC - POSTOJNA,822
PRIKLJ. KOZINA - KP,823
PRIKLJ. KOZINA - KP,823
PRIKLJ. KOZINA - KP,823
PRIKLJ. UNEC - LJ,824
PRIKLJ. UNEC - KP,825
PRIKLJ. POSTOJNA - LJ,826
PRIKLJ. POSTOJNA - LJ,826
PRIKLJ. RAZDRTO - LJ,828
PRIKLJ. RAZDRTO - KP,829
DOMŽALE - ŠENTJAKOB,830
PRIKLJ. LUKOVICA,831
LJ (ŠENTVID - PODUTIK),832
BLAGOVICA - LUKOVICA,834
PRIKLJ. KRTINA,835
VRANSKO - TROJANE,836
ŠENTILJ  -  PESNICA,837
SL.BISTRICA - SL.KONJICE,838
ŠENTRUPERT - VRANSKO,839
MB (PTUJSKA) - ROGOZA,840
VUČJA VAS - MURSKA SOBOTA,841
PRIKLJ.BLAGOVICA - CE,842
PRIKLJ. SL. KONJICE - MB,844
PRIKLJ. SL. KONJICE - MB,844
PRIKLJ. SL. KONJICE - CE,845
PRIKLJ. DRAMLJE - MB,846
PRIKLJ. DRAMLJE - CE,847
PRIKLJ. FRAM  -  MB,848
PRIKLJ. FRAM -  CE,849
BRNIK  -  VODICE,850
PRIKLJ. KRTINA,851
VODICE  - LJ ( ŠMARTNO),853
BREZOVICA - VRHNIKA,854
LJ (BRDO  -  KOZARJE),855
PRIKLJ. SL. BISTRICA J. - MB,856
PRIKLJ. SL. BISTRICA J - CE,857
PRIKLJ. VRHNIKA - LJ,858
PRIKLJ. VRHNIKA - LJ,858
PRIKLJ. VRHNIKA - KP,859
PLAVJE - ŠKOFIJE,860
PRIKLJUČEK PLAVJE - MP,862
SEŽANA Z  -  FERNETIČI,863
PRIKLJ. FERNETIČI,864
VIPAVA - AJDOVŠČINA,865
PRIKLJ. SELO - AJDOVŠČINA,866
PRIKLJ.SELO - VRTOJBA,867
PRIKLJ.ŠENTILJ - MP ŠENTILJ,868
POČIVALIŠČE ŠENTILJ - ŠENTILJ,869
IVANČNA GORICA - BIČ,870
PRIKLJ. DRNOVO - NM,873
PRIKLJ. DRNOVO - ČATEŽ,874
SMEDNIK   -  DRNOVO,875
PRIKLJ. ŠMARJE - SAP NM,876
DRAGUČOVA - PERNICA,877
PRIKLJ.PERNICA - MB,878
PRIKLJ.PERNICA - MB,878
ŠEMPETER - VRTOJBA,880
PRIKLJ. VUČJA VAS - MB,881
PRIKLJ. VUČJA VAS  - MS,882
DOLGA VAS - LENDAVA,884
PRIKLJ. LENDAVA - MS,885
PRIKLJ. LENDAVA - PINCE,886
PRIKLJ. MURSKA SOBOTA - MB,887
PRIKLJ. MURSKA SOBOTA - LENDAVA,888
DRAGUČOVA - MB (ZRKOVSKA),889
MARJETA - ZLATOLIČJE,890
LJ (LESKOŠKOVA C. - ŠMARTINSKA),891
KOZINA - KASTELEC,893
RAZCEP NANOS,894
RAZCEP NANOS,895
RAZCEP NANOS,895
RAZCEP NANOS,895
SL.KONJICE - DRAMLJE,896
LOGATEC - UNEC,897
MB (OTOK) - MB (KOROŠKI MOST),900
JAGODJE-VALETA,901
KRAJE - HRUŠICA,902
TREBNJE - MIRNA,903
ŽALEC - VRBENSKO POLJE,904
HOČE - PRIKLJ.  ROGOZA,905
SLIVNICA - FRAM,906
DOL. LAKOŠ - LENDAVA,907
D.VRTOJBA -  GORNJI MIREN,908
UNEC - RAKEK,909
TEKAČEVO - ROGAŠKA SLAT.,910
HAJDINA - TURNIŠČE,911
SP.HOČE - ZG.HOČE,912
SP.HOČE - ZG.HOČE,912
KOKRICA - KRANJ,913
ROBIČ - STARO SELO,914
VRANSKO - LOČICA,915
DOMŽALE - STOB,916
AJDOVŠČINA  (OBVOZNICA),917
MENGEŠ (KOLODVORSKA C.) - LOKA,918
OTOČEC - KRONOVO,919
SOTESKA - STRAŽA,920
KOTLJE - STARI TRG,921
MAČKOVEC - LEŠNICA,922
RADLJE,923
OBVOZNICA ŠKOFJA LOKA,924
GRM - TREBNJE,925
ILIRSKA BISTRICA (NIKOLA TESLA),926
ROGOZNICA - JANEŽOVCI,927
PTUJ - ROGOZNICA,928
ŠENTJURIJ-MIRNA PEČ,929
SOTESKA - BITNJE,930
LESKOVEC - DRNOVO,931
BOŠTANJ - IMPOLJCA,932
TROJANE  -  BLAGOVICA,2001
DRAMLJE - LJUBEČNA,2004
FRAM - SL.BISTRICA-SEVER,2005
SL.BISTRICA - SEVER-JUG,2006
PERNICA - LENART,2007
MURSKA SOBOTA - LIPOVCI,2009
LENDAVA - PINCE,2010
SV.JURIJ OB ŠČAVNICI - VUČJA VAS,2011
DIVAČA - KOZINA,2101
VRHNIKA - LOGATEC,2103
POSTOJNA - RAZDRTO,2105
RAZDRTO - NANOS,2106
NANOS  -  SENOŽEČE,2108
GABRK  -  DIVAČA,2109
NANOS - (RAZDRTO) - PODNANOS - VIPAVA,2110
LESCE - RADOVLJICA,2201
DRNOVO  -  BREŽICE,2302
ŠMARJE SAP - CIKAVA,2303
SNEBERJE - LJ (ZADOBRAVA),2401
